timestamp,persona,resultado,confianza,latencia_ms,fps,audio_path,record_hash
2025-10-08 23:31:55 CST,Rodrigo,ACCESO_CONCEDIDO,58.23,208.2,4.8,,1556448ecb30f4e8e0592bd1eb0ef405253097dba39530150ae6d6e2ad081741
2025-10-08 23:31:55 CST,Rodrigo,ACCESO_CONCEDIDO,57.6,178.94,5.59,,b80ee965ea15269c53dbeaa73d62abcb9d908d68792de0343fd6df0ff1a88beb
2025-10-08 23:31:56 CST,Rodrigo,ACCESO_CONCEDIDO,59.54,129.65,7.71,,f8dafb65e2edcd61bba4bffab32c1cb5d4e667eb165bd0396c23f7e26688e1f2
2025-10-08 23:31:56 CST,Rodrigo,ACCESO_CONCEDIDO,56.42,129.95,7.7,,65b29f246b00a15122dac7fda935e8d466b8e2f95c02ba77c35ab3d1f71e1594
2025-10-08 23:31:56 CST,Rodrigo,ACCESO_CONCEDIDO,58.69,119.59,8.36,,7ff7811f896bff9169120741d445c0209537795a46aaf60c526cbe1a7e030815
2025-10-08 23:31:56 CST,Rodrigo,ACCESO_CONCEDIDO,56.81,115.96,8.62,,981e3ffd73591297a870fbb352e2a053bb2a312528571883a388bb508a289b50
2025-10-08 23:31:56 CST,Rodrigo,ACCESO_CONCEDIDO,59.38,119.39,8.38,,e87c780999a790adde2cf04f5743e5e80b5ae93397ca4795a9c8bdb838d60bfd
2025-10-08 23:31:56 CST,Rodrigo,ACCESO_CONCEDIDO,58.94,118.84,8.41,,e51098094ee63d823c20aa2623e49749109cd78ba56984b175ea8242d8781d76
2025-10-08 23:31:56 CST,Rodrigo,ACCESO_CONCEDIDO,58.07,115.22,8.68,,d6087ba0f6b9d7b4485190d00f00883e38e4294bd2d6947b7fee5a0e2a2fe486
2025-10-08 23:31:57 CST,Rodrigo,ACCESO_CONCEDIDO,59.18,134.23,7.45,,2e69e64d4fdcbc20d16973b2512567593900e8ca63a108a671804753097fb6ad
2025-10-08 23:31:57 CST,Desconocido,ACCESO_DENEGADO,60.49,124.0,8.06,,aab5a770aee38ed46db0e4fb4d192479dbe4d6a2b57cb52e14f543d5322e8738
2025-10-08 23:31:57 CST,Desconocido,ACCESO_DENEGADO,60.62,122.91,8.14,,dbd3fb674a0b87b14db71f79c906e56e7bdc9caebae7a69d5d62a33f294ecf5c
2025-10-08 23:31:57 CST,Rodrigo,ACCESO_CONCEDIDO,58.63,134.93,7.41,,99f9162e2a78570606f2bd57bb6b0d5ca1cb7a42124634420b40a95e347136ee
2025-10-08 23:31:57 CST,Desconocido,ACCESO_DENEGADO,60.41,177.05,5.65,,79bfab2a9ed3d0ae2a707033b61b95859425680f2ca4c3b6f11e70d5c21e082d
2025-10-08 23:31:58 CST,Rodrigo,ACCESO_CONCEDIDO,59.31,182.13,5.49,,6e48e5b2ed08d52cfae8ff7c40221b73bc436d3b13ff85293dc85cfd96e41b59
2025-10-08 23:31:58 CST,Rodrigo,ACCESO_CONCEDIDO,59.21,120.13,8.32,,fcd1d6690e9e95fd3923d83e93f592eae087f99261019755cc5ed6a8ea62bb09
2025-10-08 23:31:58 CST,Desconocido,ACCESO_DENEGADO,62.02,126.42,7.91,,d9b4b69867c3f2f0440c9eee9e6d788d4d6c2ec61519a6c2372da958c3c645b1
2025-10-08 23:31:58 CST,Rodrigo,ACCESO_CONCEDIDO,59.0,133.24,7.51,,7ae87b7c4c056a5a8b8a01b4dcf579385f2d0668d3891f86efe53e45699580bc
2025-10-08 23:31:58 CST,Desconocido,ACCESO_DENEGADO,60.51,118.07,8.47,,c90da5b7565198afd1c1035f2bcba107bc742de58a895e54e8343155d4674329
2025-10-08 23:31:58 CST,Desconocido,ACCESO_DENEGADO,62.83,122.86,8.14,,d9889329941ef425d522c5d9ddd9d74d61ae78c5b1450c3db4c09c39410b57e2
2025-10-08 23:31:59 CST,Desconocido,ACCESO_DENEGADO,67.7,120.98,8.27,,05e6014767994c8067ee7ece8c2b5ed89e7b0f86f1729f7f777249fdd4b516db
2025-10-08 23:32:01 CST,Desconocido,ACCESO_DENEGADO,64.04,158.72,6.3,,028fbe6b8d1ad4638264b2ba4a66cf9b8aaa8f8d2e3c39c4298b1efe4a4f513d
2025-10-08 23:32:01 CST,Desconocido,ACCESO_DENEGADO,62.22,172.78,5.79,,a208837c945c49363e0cfb6105a3ce3891c651686cb24a692ecbc8f3110bba17
2025-10-08 23:32:01 CST,Desconocido,ACCESO_DENEGADO,65.01,175.35,5.7,,456c5bcf3cada5fed89debe57982f1ac7366cae1ab209ce8afcb427e310d921e
2025-10-08 23:32:01 CST,Desconocido,ACCESO_DENEGADO,65.47,184.2,5.43,,ec5a39f10b1833c69ffd1b3568a75ccfd7de3a4784ca3cca11e23ae3ade34dd8
2025-10-08 23:32:01 CST,Desconocido,ACCESO_DENEGADO,65.0,180.45,5.54,,6a15d8c19ed7eb14d6e9f3ca0da819353ba79edf9235bd3eff69d7507e5822e5
2025-10-08 23:32:02 CST,Desconocido,ACCESO_DENEGADO,64.42,180.83,5.53,,0ead0a0bacdeef3150dbb4ba7a87f0078a43de86fbdc745456ec864e3dc7295a
2025-10-08 23:32:02 CST,Desconocido,ACCESO_DENEGADO,64.49,180.57,5.54,,c7f11a53fbfa61ce4e61a5a86e07ed4636d035838d9346e87fa43916d85a3fa3
2025-10-08 23:32:02 CST,Desconocido,ACCESO_DENEGADO,63.58,182.19,5.49,,2e98a34ac2dc9e9b9248205ae6ef381944271b9622fb95557bee2f917cea7903
2025-10-08 23:32:02 CST,Desconocido,ACCESO_DENEGADO,60.99,227.36,4.4,,5bbd982824531776d7c8d6f31f3da67d79045195a68231472000d4ecc0a4806a
2025-10-08 23:32:03 CST,Desconocido,ACCESO_DENEGADO,62.1,225.44,4.44,,1e64a7a119fae0d0a35e742755cadbac5c761fa032ab4fc726931a22009f58da
2025-10-08 23:32:03 CST,Desconocido,ACCESO_DENEGADO,62.87,207.65,4.82,,cfcab45692437cdc2ef77a18f31533db65bae2298b98b58ce9a9109e44d3a68e
2025-10-08 23:32:03 CST,Desconocido,ACCESO_DENEGADO,63.33,262.09,3.82,,c9ffcae97b9cb7dae2c8f9fafa52b25cd4194950f624a5af372850e86d2b9d41
2025-10-08 23:32:04 CST,Desconocido,ACCESO_DENEGADO,65.35,261.12,3.83,,68bd051f1ab3df2349bbba12f0fa8f987ecdd9829a26aeecdf05ad2d06e8cbeb
2025-10-08 23:32:04 CST,Desconocido,ACCESO_DENEGADO,65.2,234.93,4.26,,7dfba32ae56328bcc07a71ebf48bb49d37c0c3d1527c5e7aea2b85cbd044f49f
2025-10-08 23:32:04 CST,Desconocido,ACCESO_DENEGADO,63.84,245.68,4.07,,ee1effd7b0837ddd4ba2bd25365bd445d5f07e8298bd53af302bdbaaadf5344b
2025-10-08 23:32:04 CST,Desconocido,ACCESO_DENEGADO,63.16,257.78,3.88,,82764cbe25a60e44e7f17ef0f8fc0b915accf96ac8bff8803e7c4181855c3985
2025-10-08 23:32:05 CST,Desconocido,ACCESO_DENEGADO,62.58,206.22,4.85,,18832269c6a2d6fbe053f1246fab28fa13f75128d26a2d9fba10316fdbb331f0
2025-10-08 23:32:05 CST,Desconocido,ACCESO_DENEGADO,64.34,225.01,4.44,,58f73bc019be7e3a298e0c8a504e4db9f3e30d61f4f5b71a8dc99850d05d97ad
2025-10-08 23:32:05 CST,Desconocido,ACCESO_DENEGADO,65.74,204.46,4.89,,3c63ddf2dd5ebc09526686f2a8cc799571cf255bfefb97be83724b0acd8936e5
2025-10-08 23:32:05 CST,Desconocido,ACCESO_DENEGADO,64.36,178.45,5.6,,e385dbad6e86793e2e201b4515d4bd4c8bf098e05efc8ff2066edbf8638c58e7
2025-10-08 23:32:06 CST,Desconocido,ACCESO_DENEGADO,65.82,169.97,5.88,,db5db9a3dde881623a7b9bda178fb4e6fabe6a419d3becf937b6d1d288e71890
2025-10-08 23:32:06 CST,Desconocido,ACCESO_DENEGADO,64.51,222.9,4.49,,cade9e48c13878eceab5bf7af0c782b86c1d9a4a0761a9310957303b92c82354
2025-10-08 23:32:06 CST,Desconocido,ACCESO_DENEGADO,64.0,188.09,5.32,,7dd4e5c42ceb12234cd2af4e4e62e5448bbaa38b44778442b965e9ee659e4a33
2025-10-08 23:32:06 CST,Desconocido,ACCESO_DENEGADO,66.09,161.81,6.18,,be4dd0066103c02b83c86dc9fc92016111c275afeefcab62dcf7d6b2a0fd6771
2025-10-08 23:32:07 CST,Desconocido,ACCESO_DENEGADO,63.02,171.45,5.83,,2d2ddc67f03a8c4ea5d60543997ebf9209bde3558097811dffcc2939e406e1bf
2025-10-08 23:32:07 CST,Desconocido,ACCESO_DENEGADO,62.48,156.57,6.39,,a464ea8a9c037c20dd9bc4ec22bd982bb14a5112986e0047fa1555156db1ac82
2025-10-08 23:32:07 CST,Desconocido,ACCESO_DENEGADO,61.6,154.1,6.49,,bd5786f19c4a5df281105f5044bad9f7cf49886f2e89691108a4bdc4aceedde1
2025-10-08 23:32:07 CST,Desconocido,ACCESO_DENEGADO,60.44,161.07,6.21,,da7a515de7f1709050d26e3b1feab477952082145af8aaaedde2445ffdfb3209
2025-10-08 23:32:07 CST,Rodrigo,ACCESO_CONCEDIDO,57.16,145.33,6.88,,b74dd3fc60e4355dd18d43f1e969c1e21c95e54386bb9a8e9bc9b733836b5dde
2025-10-08 23:32:08 CST,Rodrigo,ACCESO_CONCEDIDO,58.9,140.7,7.11,,5f4475b42d0ada355ae137d29187c18d3383f274c8a168f1126b7d31a397ef0e
2025-10-08 23:32:08 CST,Desconocido,ACCESO_DENEGADO,60.46,138.87,7.2,,6c5fa1edf593e855b90801259d008810bfd18cc2ff32cef29a8f9498664cdb87
2025-10-08 23:32:08 CST,Rodrigo,ACCESO_CONCEDIDO,58.72,141.94,7.05,,61a92bffbd1a56643c4f91e929437b4aacf9aac05b6bc0944a2e95943c4f86d4
2025-10-08 23:32:08 CST,Rodrigo,ACCESO_CONCEDIDO,57.49,136.62,7.32,,49e5055d9d9f3b97536476d9879b8c0c7e7b57f91626f48a496bc0befcbd40f1
2025-10-08 23:32:08 CST,Rodrigo,ACCESO_CONCEDIDO,58.78,128.01,7.81,,0708a488c95c88a04a6a824ec41bfa2f15b4a0525e24bb7f78a52fc55e592e05
2025-10-08 23:32:08 CST,Rodrigo,ACCESO_CONCEDIDO,59.06,132.03,7.57,,d547c90bc12a49383303da0cfc25751eef6595b2c19d4d8b10dd2d07aa27612b
2025-10-08 23:32:09 CST,Rodrigo,ACCESO_CONCEDIDO,57.77,135.36,7.39,,b9274186d0c86c9f097f8ba1f81eec92a714d8ad80bd05499ee6105bce692311
2025-10-08 23:32:09 CST,Rodrigo,ACCESO_CONCEDIDO,58.68,129.03,7.75,,c2afa9d6aa0e695fbf45a7a5f70d4f388dda80bfd5670b34a0940da5467c7805
2025-10-08 23:32:09 CST,Rodrigo,ACCESO_CONCEDIDO,59.32,135.66,7.37,,f58fcd3bf6e9673db14da8c2f2fd259cb875d1943e70ac00f8d880d8885ecc38
2025-10-08 23:32:09 CST,Rodrigo,ACCESO_CONCEDIDO,58.28,137.36,7.28,,3ed5f2c599c874dd9dd5eac08ad8bc470441679168eb3f0cb040db58170f98cd
2025-10-08 23:32:09 CST,Rodrigo,ACCESO_CONCEDIDO,56.87,133.46,7.49,,6f1ff7b63a6f0abae5dffc5c7cc886302a793b18c1fdfd5ce932b85d17fbe421
2025-10-08 23:32:09 CST,Desconocido,ACCESO_DENEGADO,62.73,136.34,7.33,,2d66469bbdf34d7706fa91a8757e7c76ad539af4bf4cf6b91b05f9805adad6ed
2025-10-08 23:32:10 CST,Rodrigo,ACCESO_CONCEDIDO,59.69,140.46,7.12,,c478a3064d25ed74adeccabd5889686c69ef4b08e0198f0da46f031fc4ae5954
2025-10-08 23:32:10 CST,Desconocido,ACCESO_DENEGADO,60.85,135.54,7.38,,311c8d4d74b1b2705751a4ee015660d5926f158ea8b82a0aecb5c5e017ab9d14
2025-10-08 23:32:10 CST,Rodrigo,ACCESO_CONCEDIDO,59.16,137.52,7.27,,77fb7fed46cc8ff4271cb4019fccdc29f587e11211141375ed30fddeded278c2
2025-10-08 23:32:10 CST,Rodrigo,ACCESO_CONCEDIDO,58.95,140.89,7.1,,39e8258680b3955f4c0a7bb78b44cdb7180b931509ba843133df9a56f1cccd85
2025-10-08 23:32:10 CST,Desconocido,ACCESO_DENEGADO,64.59,135.96,7.36,,ce95e551b5acddc1125cc21175cdcc95d82d46bae1df100638749963848da4d1
2025-10-08 23:32:10 CST,Desconocido,ACCESO_DENEGADO,62.32,132.76,7.53,,893a80d590c2bfb8aeba81206f11ea65a693660ceb4ea1c2190faf944b9f63b5
2025-10-08 23:32:11 CST,Desconocido,ACCESO_DENEGADO,61.76,134.1,7.46,,c55a3bbea69b457bac0507f45a077e0c4a7a8c2c9922aa9a4a73f5b82922efa6
2025-10-08 23:32:11 CST,Desconocido,ACCESO_DENEGADO,60.83,143.81,6.95,,14eee4c7f74ea2754fd628431863f3f6c01564cd5ccd9d094fa57e663985c94a
2025-10-08 23:32:11 CST,Desconocido,ACCESO_DENEGADO,62.69,136.34,7.33,,912e871eede184527c251a12cc557780db35406c332ef287d89f2873fa0c6405
2025-10-08 23:32:11 CST,Desconocido,ACCESO_DENEGADO,60.8,139.1,7.19,,7f8f5a9cb9dcf65355c022ee44b7c863acef5f929d0e42ad3f4a2fb94942b85d
2025-10-08 23:32:11 CST,Desconocido,ACCESO_DENEGADO,64.85,142.51,7.02,,5f2428dfb08ae0949aa5a9161851e89321ae15a8e3f28c997a1c742b92327c60
2025-10-08 23:32:11 CST,Desconocido,ACCESO_DENEGADO,62.96,141.24,7.08,,394f5b744e7f417d4cf125f71404805eba8d26a2f8f7e4948bb04ed281c4a0f6
2025-10-08 23:32:12 CST,Desconocido,ACCESO_DENEGADO,60.78,144.65,6.91,,7bdd57c067cc61306453d6e0f703060ec515e05aa8ae9d7d4beaa20158926ff8
2025-10-08 23:32:12 CST,Desconocido,ACCESO_DENEGADO,64.46,144.43,6.92,,57360d683bddf36afa403c94f8cfed909a289a7c0242c8e98f7eff372685b1d5
2025-10-08 23:32:12 CST,Desconocido,ACCESO_DENEGADO,62.33,142.82,7.0,,ee4a3fd8d9fb3554059a38540bd3aaba971515d9bb3233e89711af4216aa427f
2025-10-08 23:32:12 CST,Desconocido,ACCESO_DENEGADO,61.69,139.41,7.17,,100aacd20bb748209c2348d21c134e6878b3a5c75fd659d1fb7773b9ff4dc8b6
2025-10-08 23:32:12 CST,Desconocido,ACCESO_DENEGADO,61.99,135.81,7.36,,ceaff143bf4d8e5e82ae45760ad9125afca1b7948deb497eacd9bfcbd091f6f2
2025-10-08 23:32:12 CST,Desconocido,ACCESO_DENEGADO,62.57,137.38,7.28,,22b53fe7e2a2965c911d0ecb6393fb069a4f9e134774c7c9ce70f457ec365216
2025-10-08 23:32:13 CST,Desconocido,ACCESO_DENEGADO,63.39,134.66,7.43,,c8617fbd76dd093a8a3f42e2168b52533164a0253d516aac1a8d952d68d0f478
2025-10-08 23:32:13 CST,Desconocido,ACCESO_DENEGADO,60.14,136.61,7.32,,0df1300577ba69b3db89d7596ada28aa89d59710e3466e1b9a1f3f92cc74189e
2025-10-08 23:32:13 CST,Desconocido,ACCESO_DENEGADO,62.58,139.48,7.17,,57f3337117065e4c91971e758b2bbe08d72da2acfa9fc1575f936f84a0efaa6e
2025-10-08 23:32:13 CST,Desconocido,ACCESO_DENEGADO,63.31,141.33,7.08,,89644c5d980bfc1fdaf8f7761c9e7a8a9eea4f2d29acccda54f764bd81e73719
2025-10-08 23:32:13 CST,Desconocido,ACCESO_DENEGADO,63.68,137.71,7.26,,0b319540d80b896ef73a58c1601847e8ae32eb5338ae36d63bcd2b217168dfbc
2025-10-08 23:32:13 CST,Rodrigo,ACCESO_CONCEDIDO,58.34,134.83,7.42,,5b9071b6f7d2823f74406539fcd9661984104160c58907b66448ce571418ffe7
2025-10-08 23:32:14 CST,Desconocido,ACCESO_DENEGADO,61.16,144.37,6.93,,7ff18aef45a026e7f795925bdd7f548b3c62b439e8d5bc5955cebc1b85a71670
2025-10-08 23:32:14 CST,Rodrigo,ACCESO_CONCEDIDO,57.48,135.7,7.37,,539a2ef9a66eb0603fe5a8c082f00d39f28b9e3a75c24abe6f42d5b70dc8ea36
2025-10-08 23:32:14 CST,Rodrigo,ACCESO_CONCEDIDO,58.17,139.55,7.17,,f44dfd443cb556ba039bf03de8f4d0a6e6b55d81f9c55736f030168d040861ce
2025-10-08 23:32:14 CST,Rodrigo,ACCESO_CONCEDIDO,58.57,137.37,7.28,,0607f1d3dd083406a678281b52951ee0169c5df70fe6a6368c9a2ed3c91452d1
2025-10-08 23:32:14 CST,Rodrigo,ACCESO_CONCEDIDO,60.0,139.36,7.18,,3453b2c07ef4f21075b99d541a4684c81b23d45ac09a169c1d128bbb2b495875
2025-10-08 23:32:15 CST,Rodrigo,ACCESO_CONCEDIDO,59.9,140.09,7.14,,6aacf5adc3cb25a25cfb39136056e7645de678848f26697243f5138d587aa91d
2025-10-08 23:32:15 CST,Rodrigo,ACCESO_CONCEDIDO,57.47,136.4,7.33,,70b81dc3b67a865366132b24a795a6a695df435fde51afa252ac414717abd126
2025-10-08 23:32:15 CST,Desconocido,ACCESO_DENEGADO,60.18,144.22,6.93,,1c075a428b2e9e45afead7a21b544c3e649521a40e7a17e9b414164bf4b5bfbe
2025-10-08 23:32:15 CST,Desconocido,ACCESO_DENEGADO,61.23,142.17,7.03,,f49e9f901096702f541deb8401050ff9681ccdfaa732d1c085378beeaf71a8e6
2025-10-08 23:32:15 CST,Desconocido,ACCESO_DENEGADO,61.46,141.07,7.09,,d1f55db3a2a38813d4b8dec5768da8b6ededae91d9b76033068a539b0faf662c
2025-10-08 23:32:15 CST,Desconocido,ACCESO_DENEGADO,60.06,135.26,7.39,,b8782ffedb9eeddb6f53788b939b2ef17b0e8d5a8978cf462cfc20ce6cde73a6
2025-10-08 23:32:16 CST,Rodrigo,ACCESO_CONCEDIDO,59.97,136.93,7.3,,a290398277df05d3178649ec1711adcb5bc1c04050406ff3719679e2b65a4e58
2025-10-08 23:32:16 CST,Desconocido,ACCESO_DENEGADO,60.81,137.07,7.3,,3acb61e2a59fff57ef7a864b6e6aa19f4d73dc65d6fcdb1e47175894c909e1ba
2025-10-08 23:32:16 CST,Rodrigo,ACCESO_CONCEDIDO,58.25,135.34,7.39,,6ef92bbc69ea9b090990e57a3ab51c1ec80bd1e1e4d622d4e305b7c0a8d69591
2025-10-08 23:32:16 CST,Rodrigo,ACCESO_CONCEDIDO,57.17,135.6,7.37,,189cdd30a83270ed8897d7ffbdfdef79a6da26bc8e4b13afd169cf3ed11257e2
2025-10-08 23:32:16 CST,Desconocido,ACCESO_DENEGADO,60.26,136.86,7.31,,3c1bd3545dcd004baf975eefa92f056a74197c02d7c8c2edcc9a50a3f9ed5f15
2025-10-08 23:32:16 CST,Desconocido,ACCESO_DENEGADO,60.88,130.68,7.65,,aae267d5c6a57dea7779ee464b90729739aeec3078d2d2d4e70db668f5b547d2
2025-10-08 23:32:17 CST,Rodrigo,ACCESO_CONCEDIDO,59.13,137.9,7.25,,8438a5e1fa2ef6e36e78e3caaa9f36247650c04c874f3f77318ea9c6a9518b3e
2025-10-08 23:32:17 CST,Rodrigo,ACCESO_CONCEDIDO,57.29,136.52,7.33,,e3aef8c5350da9937d27ff43bf353ac4635ade48fd423643a58fee7eed9f3b6b
2025-10-08 23:32:17 CST,Rodrigo,ACCESO_CONCEDIDO,58.93,142.75,7.01,,70fd99818f82c25aee587ab4cdf7ec62d2d1eebda8490004ae10ee5723e0cbee
2025-10-08 23:32:17 CST,Rodrigo,ACCESO_CONCEDIDO,59.63,135.18,7.4,,c28a52f23181c0dadec728d0b5011934a84821e5bce507564743ef33be2affb5
2025-10-08 23:32:17 CST,Rodrigo,ACCESO_CONCEDIDO,57.1,131.63,7.6,,da8e03f0fc635faf39a3f3907e98334c256f4b6b5ce42c0b51e49d75753ce073
2025-10-08 23:32:17 CST,Rodrigo,ACCESO_CONCEDIDO,58.05,141.54,7.07,,03f005359349892260251b065ff53fabda415310383c60ffb4552bfce77c29f4
2025-10-08 23:32:18 CST,Rodrigo,ACCESO_CONCEDIDO,58.3,145.28,6.88,,17495d0182bd9e653f768ebf9a376e4dd95c08f82fed5fdebc4cb82882e25122
2025-10-08 23:32:18 CST,Rodrigo,ACCESO_CONCEDIDO,59.59,143.09,6.99,,ab7032e061d341fff664ef1f849ab9ee6c947120e834f8026f59a72fee69fe65
2025-10-08 23:32:18 CST,Rodrigo,ACCESO_CONCEDIDO,59.32,139.72,7.16,,7fb6ddd732ffad072af4236587bc36cd1139ec38839409bb839c7fbe2dfc664e
2025-10-08 23:32:18 CST,Rodrigo,ACCESO_CONCEDIDO,59.04,133.74,7.48,,12af65437a34aca41ea1a6d485cb7f88ca7f54e0fc3b7e3ce2f84b1570775bfd
2025-10-08 23:32:18 CST,Rodrigo,ACCESO_CONCEDIDO,57.63,138.66,7.21,,56e1d208f6a8039285f6412a9f889b5683c8391528ef29d5d81162102f7fdd39
2025-10-08 23:32:18 CST,Desconocido,ACCESO_DENEGADO,60.09,135.21,7.4,,13c17d8083efaf6a23007c7097eaefc0cc739d01c3abca0cbbbc671e5a1b57e0
2025-10-08 23:32:19 CST,Desconocido,ACCESO_DENEGADO,60.15,132.26,7.56,,d7d542a5b7496c24cb275aed5901f546a8b100d7aa735a379b84ac1314bfe8a9
2025-10-08 23:32:19 CST,Desconocido,ACCESO_DENEGADO,60.71,138.43,7.22,,dc2bcdcbaa77e566d20b361bdf32cc0b860a02da097a9e6631efab9eee46cbdc
2025-10-08 23:32:19 CST,Desconocido,ACCESO_DENEGADO,60.93,135.08,7.4,,adbbf9b956b0c7ebc97848c65472ca0624bb4daacddaf649bf6260722791adc3
2025-10-08 23:32:19 CST,Rodrigo,ACCESO_CONCEDIDO,58.44,128.82,7.76,,bf77e57b89bfb2bdb2d9fe1955ead4822bd78d07517c27f0f220b036044fbc70
2025-10-08 23:32:19 CST,Desconocido,ACCESO_DENEGADO,61.68,128.82,7.76,,a74cef94a7c58f4fef77508cc80539665d954425a30f188916c88d9728cdf9a6
2025-10-08 23:32:19 CST,Rodrigo,ACCESO_CONCEDIDO,59.64,131.93,7.58,,e7399770f9cc72039b6d12086aca1240d42d39dad3a6f6c293b65089b33683e2
2025-10-08 23:32:20 CST,Rodrigo,ACCESO_CONCEDIDO,58.63,134.03,7.46,,680e606da8cb990c10f48eb4361be9f917596a2be87e9d4c372863ab7943c80f
2025-10-08 23:32:20 CST,Desconocido,ACCESO_DENEGADO,61.39,136.59,7.32,,d1914040c1b125cbe66db7e1a1c82df1725a297d9e14007b81a6f43e14e62b7a
2025-10-08 23:32:20 CST,Rodrigo,ACCESO_CONCEDIDO,59.64,129.98,7.69,,5676796e3dd08aa69e43f7c993ada6b3d504c25ac1c09ba30532d95455020008
2025-10-08 23:32:20 CST,Desconocido,ACCESO_DENEGADO,61.65,136.13,7.35,,1423c0a80bba1dc48310ccc7a97c2e6240bf9567036aa9f9332a63a84bccdcd2
2025-10-08 23:32:20 CST,Rodrigo,ACCESO_CONCEDIDO,58.9,132.97,7.52,,26d799f4068a8aaa6551162dde0b3188028e4b45324600e1b5808763cd8bae04
2025-10-08 23:32:20 CST,Rodrigo,ACCESO_CONCEDIDO,57.65,137.67,7.26,,9966f9345c0851cd551df6a86cb211c3a1848666fdf7febf8eb9d4e44df0642c
2025-10-08 23:32:20 CST,Desconocido,ACCESO_DENEGADO,60.94,134.22,7.45,,65f11ac19bfbc8ec5a959071560855be22a45ca990c2d8670f70083d2bb04bc0
2025-10-08 23:32:21 CST,Rodrigo,ACCESO_CONCEDIDO,57.76,138.73,7.21,,aee03c28437e7c61d01041e01d8d2c02ecc1a0da2b74190b0be3442cce412c55
2025-10-08 23:32:21 CST,Rodrigo,ACCESO_CONCEDIDO,58.63,137.32,7.28,,a532a8ae8973f66d2fad837d70b1f02702d1434848dc2c4aa33ebd71524d1e5f
2025-10-08 23:32:21 CST,Rodrigo,ACCESO_CONCEDIDO,57.9,133.24,7.51,,b1336d7b557ac98d0ad2877c8735b73df28f2204ba2780c3077782e6a648cabc
2025-10-08 23:32:21 CST,Desconocido,ACCESO_DENEGADO,60.16,135.82,7.36,,bf66acbb0e0a20f75274810be474a6177c5d0dd9687e53255d0bf185ec4e4a59
2025-10-08 23:32:21 CST,Rodrigo,ACCESO_CONCEDIDO,58.99,132.41,7.55,,0896e2f53b9bfbea02ff59eb0159839830fb0f9b217d3cc230b9c1558299622a
2025-10-08 23:32:21 CST,Rodrigo,ACCESO_CONCEDIDO,59.34,137.73,7.26,,682b1a030448220e23aa56cde163d00229cf45387bf202acccd5dd8235a0bf99
2025-10-08 23:32:22 CST,Rodrigo,ACCESO_CONCEDIDO,57.77,145.6,6.87,,0d801975df2f2fdb09e60474c3626d15591ecba9177a67b33c0d5754d68fc92e
2025-10-08 23:32:22 CST,Rodrigo,ACCESO_CONCEDIDO,58.64,132.28,7.56,,6f6e15a5f381ab1066fd8326a791b8dc6c71d53c35c39755eb5c9b9f5f4fddbf
2025-10-08 23:32:22 CST,Desconocido,ACCESO_DENEGADO,76.19,136.76,7.31,,6fbdf01faaa151811b2f7a359e15e51a2cfb5d6f4e3db6acdced626d7f36bb24
2025-10-08 23:32:22 CST,Desconocido,ACCESO_DENEGADO,74.58,140.52,7.12,,479ed8c74739d3c38460b6683eb5fb768dbc6d9aa55ce370bea12e16f8a66b72
2025-10-08 23:32:22 CST,Desconocido,ACCESO_DENEGADO,86.74,130.08,7.69,,3e243aa3082063a7f70356c8f9f6d719cad460dc9d26f5f788d2ea406293f09a
2025-10-08 23:32:23 CST,Desconocido,ACCESO_DENEGADO,75.28,281.46,3.55,,04658db1ae01445d617d7c14c7a5bcbb7afef5b4605f51095da559475a783d28
2025-10-08 23:32:23 CST,Desconocido,ACCESO_DENEGADO,91.12,128.41,7.79,,2dda5d7a31f7c42fee5e21b0b901927e40c8a3717b783da0510c8a5c638410b3
2025-10-08 23:32:23 CST,Desconocido,ACCESO_DENEGADO,72.86,268.29,3.73,,ca32842076995a8631b925b86a9629250d44022a15c96524310d0fea78803fdc
2025-10-08 23:32:23 CST,Desconocido,ACCESO_DENEGADO,75.9,143.74,6.96,,4a494afe4a49ff42de5c3b1976c1b94cd0e74bf438690eac61552fcf43b545f8
2025-10-08 23:32:23 CST,Desconocido,ACCESO_DENEGADO,79.41,125.0,8.0,,cdee52b61327d6fb0d80ab3caaeab9f3101fe4cbc7d34fdd36c1d5ba6c31b718
2025-10-08 23:32:23 CST,Desconocido,ACCESO_DENEGADO,68.58,139.2,7.18,,143278d70b1da2189ec65b32a7e76b5c1962190965b545606fe70ed7515fcea8
2025-10-08 23:32:23 CST,Desconocido,ACCESO_DENEGADO,79.66,269.66,3.71,,7356b5fe2bfde0ef76de5a67669f136bf1a10b04d48b1d62afaa801907f2349b
2025-10-08 23:32:24 CST,Desconocido,ACCESO_DENEGADO,62.33,135.84,7.36,,386d3cf2a8786abdc9e836db662f9296608d80ff428d9004a923c0c2994d9b11
2025-10-08 23:32:24 CST,Desconocido,ACCESO_DENEGADO,67.02,262.33,3.81,,fdeb8b7fc5b0458aa82033639be3e82b3bbfae1a990532da30a8d04e0902a9a6
2025-10-08 23:32:24 CST,Desconocido,ACCESO_DENEGADO,64.61,126.86,7.88,,8b9c2ae9f888687c290eeb59fc72ed3139e40ba8fe1f9da205e63e0955cc2789
2025-10-08 23:32:24 CST,Desconocido,ACCESO_DENEGADO,62.85,134.34,7.44,,26e81126cabe27166c0821752d47c76e1c7cb9582b933f12eb546492688bb960
2025-10-08 23:32:24 CST,Desconocido,ACCESO_DENEGADO,66.58,141.54,7.07,,d37436c691d65d1b8352111bded0bc5ad251805258683ec010b51dd0312c5448
2025-10-08 23:32:24 CST,Desconocido,ACCESO_DENEGADO,64.53,132.47,7.55,,6102639b5ce3ec3f993a67a45d080a0bd280cadeb2bc62d28005303aa000c4a1
2025-10-08 23:32:25 CST,Desconocido,ACCESO_DENEGADO,61.83,131.84,7.59,,5a8d95864119ecf5dedbb67e239f18cadba55317ec30f6e183bcd4efbc486bee
2025-10-08 23:32:25 CST,Desconocido,ACCESO_DENEGADO,60.34,127.37,7.85,,12736fc429d1f23d9564f959be69696f72a6cdfc0c7fa794e450a5fe75c6d314
2025-10-08 23:32:25 CST,Desconocido,ACCESO_DENEGADO,61.37,129.41,7.73,,e358606237fe066b8785362e698daabc57a46cba36277e790f482e9a86d0aad4
2025-10-08 23:32:25 CST,Desconocido,ACCESO_DENEGADO,61.53,124.63,8.02,,1a1dd059fb3e7992e8ec7af3fb210c3bc5ade0dc35501ef5f5b98006633e84ae
2025-10-08 23:32:25 CST,Desconocido,ACCESO_DENEGADO,61.57,126.13,7.93,,56fc5139976ab26448f4c19ec53b4e89d8c1e1cc7e45dff84a77083a872ebd27
2025-10-08 23:32:25 CST,Desconocido,ACCESO_DENEGADO,61.66,123.43,8.1,,9ce8c1ac42497ada2e5f12b992880abfa1b00712f8518ba5686692295e614e85
2025-10-08 23:32:25 CST,Desconocido,ACCESO_DENEGADO,61.16,127.9,7.82,,e5bb2e63e1101620df8411a6cf13f313004822d66d52411258fcaa0e214f8ed8
2025-10-08 23:32:26 CST,Desconocido,ACCESO_DENEGADO,62.01,127.78,7.83,,4753a36725baf93ac43d6f675b6cfd7768ff861ac6b18f8043149b95c20e1864
2025-10-08 23:32:26 CST,Desconocido,ACCESO_DENEGADO,60.3,122.83,8.14,,2e3e02ffd607318d784a34add429471d47ca2acf437942b9a788e32b3148999c
2025-10-08 23:32:26 CST,Desconocido,ACCESO_DENEGADO,64.74,128.89,7.76,,5602d1e3a154b670ce73c6a0faab66846b9fdac22dcf7b594d83b52bb77ea9e1
2025-10-08 23:32:26 CST,Desconocido,ACCESO_DENEGADO,63.38,121.58,8.22,,a3c3f3eab097566f094cd30f797137e0d38f3864359341bf01b1d50aab1d2cee
2025-10-08 23:32:26 CST,Desconocido,ACCESO_DENEGADO,63.32,131.99,7.58,,7e2ecb7d7dd80ac4bb75ffe7fbdaa7a1ba6c7203eefcb9e22b439b9ff6bb9147
2025-10-08 23:32:26 CST,Desconocido,ACCESO_DENEGADO,63.74,139.09,7.19,,e06f72241504a87956110bec4b21d29947720f66ed01943abcb65c495f37b852
2025-10-08 23:32:27 CST,Desconocido,ACCESO_DENEGADO,61.79,148.37,6.74,,985721956512f24ddae4b62c28e6dc69ba533b9f5d5e16aa15e5fd8a76f59f67
2025-10-08 23:32:27 CST,Desconocido,ACCESO_DENEGADO,60.34,156.9,6.37,,fae2d28b30941d8c50ba98c7c50f2a4ea516e682dd3a426676a7ce36497e38ba
2025-10-08 23:32:27 CST,Rodrigo,ACCESO_CONCEDIDO,59.99,198.76,5.03,,1293a6e5a8de4250e1706f03a186b71c6167c6989d5ad0791422c9897d93ad83
2025-10-08 23:32:27 CST,Rodrigo,ACCESO_CONCEDIDO,59.34,237.76,4.21,,58c0064665f8469fd2d982486a35dd0aa5c678f0c4432f30016b4e73d23f3b19
2025-10-08 23:32:28 CST,Rodrigo,ACCESO_CONCEDIDO,59.73,195.13,5.12,,204f78475b85b852e26a6fced7bdc95ccd9869708921b3a91a6af706ab906379
2025-10-08 23:32:28 CST,Desconocido,ACCESO_DENEGADO,61.7,138.5,7.22,,509e49a079c220b8d9f23ab7db1db459dda4d45ad43cf6ba32a71a6abd417bbd
2025-10-08 23:32:28 CST,Desconocido,ACCESO_DENEGADO,61.56,144.58,6.92,,d9160bd839d6b5cb4528bd10bf6e2e773d4da38dbcc485700a25af163b0d02ba
2025-10-08 23:32:28 CST,Desconocido,ACCESO_DENEGADO,60.19,137.3,7.28,,39a06759ed72efb0009b5c0e55db644fdb00d8da27f37abf6df2c532352da0b6
2025-10-08 23:32:28 CST,Rodrigo,ACCESO_CONCEDIDO,58.48,135.2,7.4,,86fb5197a9ebf1df253b6450ff4f3377372af071f84233e7afbef1e9eca9b8b6
2025-10-08 23:32:28 CST,Rodrigo,ACCESO_CONCEDIDO,57.2,147.72,6.77,,d5d9d355e7ff9bde84a8f459cac3261e24e7806525e5214812a72600e61a0f45
2025-10-08 23:32:29 CST,Desconocido,ACCESO_DENEGADO,60.56,141.2,7.08,,492fc06733d74a784385cab55fea7d0690bfdf0a4725f2892d03246c50f43a26
2025-10-08 23:32:29 CST,Desconocido,ACCESO_DENEGADO,64.1,128.6,7.78,,933b0464d61e2e75f8c3d3dc8375fff83b840714b8d96ca069807c61a4be1af9
2025-10-08 23:32:29 CST,Desconocido,ACCESO_DENEGADO,64.46,132.45,7.55,,4b41f23567789f8952afc38a59245fffe39363898e00fb046154aba8ef4d5d5b
2025-10-08 23:32:29 CST,Desconocido,ACCESO_DENEGADO,62.32,129.88,7.7,,5a6c4d160e09d97ce3240f70703e3af880859db16cafa59b3e492d3269c7c7a5
2025-10-08 23:32:29 CST,Desconocido,ACCESO_DENEGADO,63.15,140.93,7.1,,6bc350bbf98374c84d0aeb418b409fe881ba60f31ab1ea533b6e61378119024b
2025-10-08 23:32:30 CST,Desconocido,ACCESO_DENEGADO,65.43,173.17,5.77,,a4be355b9c8a12936f67e58b39fef5a5682f21a9131e512e335982a4b13a6bfa
2025-10-08 23:32:30 CST,Desconocido,ACCESO_DENEGADO,65.49,150.52,6.64,,6f08afddfc06701d9592c4063ed349b7dedad23d32a3cad32d3d78466a93f3cd
2025-10-08 23:32:30 CST,Desconocido,ACCESO_DENEGADO,66.72,198.34,5.04,,86dd10f036d141964ae978607a138749346590f04b8639a3a6ead9f18f2d8054
2025-10-08 23:32:30 CST,Desconocido,ACCESO_DENEGADO,63.84,205.76,4.86,,49c66146145c6810f81433c0256aa45570b2b74fc3fd83b27706e30b7e26d264
2025-10-08 23:32:31 CST,Desconocido,ACCESO_DENEGADO,63.41,208.82,4.79,,7b85b910afb7ff31e1d01a2b59aa0f43f56966d943c104d13276afcd03bac1bb
2025-10-08 23:32:31 CST,Desconocido,ACCESO_DENEGADO,68.41,147.95,6.76,,9a26da8a02946411e3ca77359df800d9cd074d57e831921a1759115cfdb416d8
2025-10-08 23:32:31 CST,Desconocido,ACCESO_DENEGADO,66.64,189.26,5.28,,fd69a49705c2ce18a79d3a43b56999d94b329ca516695c7e10bc1b572a416b52
2025-10-08 23:32:31 CST,Desconocido,ACCESO_DENEGADO,69.44,177.19,5.64,,6ad56011ccfafb0c11ca35e3743c06a0cfd82662e3b4b809c27aa9bbc2fb6d0f
2025-10-08 23:32:31 CST,Desconocido,ACCESO_DENEGADO,68.95,158.24,6.32,,8c534d5ce46d6850f1700d9e5d1a60bee927e26f12f90cebb2704a9784ffa6e0
2025-10-08 23:32:32 CST,Desconocido,ACCESO_DENEGADO,66.48,209.55,4.77,,e4924304e65041674a84522182cf4f7ced7c93c6bc78f255bc1ecb1d50eb7271
2025-10-08 23:32:32 CST,Desconocido,ACCESO_DENEGADO,64.2,163.05,6.13,,eed3b356449799fcb7df1411cd90133a286c557b9a33063f88a8c2396931155f
2025-10-08 23:32:32 CST,Desconocido,ACCESO_DENEGADO,65.36,156.88,6.37,,27cdccdb1654a5373a76cdb4c6c65528485d8ac6b0884e86d384b4f8efe941a8
2025-10-08 23:32:32 CST,Desconocido,ACCESO_DENEGADO,64.99,144.8,6.91,,505474e548c64bb4f9f3db8fa0a12b7f9e66e95aa8e6acc7666e1c684e82c90e
2025-10-08 23:32:32 CST,Desconocido,ACCESO_DENEGADO,65.15,134.52,7.43,,c4f0075b5143dee26b0a096d5c16219b75b0693d2cc6acd86bfeda9253cac6fb
2025-10-08 23:32:33 CST,Desconocido,ACCESO_DENEGADO,64.42,136.2,7.34,,5d56c0b2c587c5049ed3673c3a69ff270247bdd8a1756f4b7b165a937447c0a3
2025-10-08 23:32:33 CST,Desconocido,ACCESO_DENEGADO,62.51,133.48,7.49,,a79e279115ea4f1d94aad282c67757ad5e3072d5418a4d463837f6e564e6190e
2025-10-08 23:32:33 CST,Desconocido,ACCESO_DENEGADO,62.19,132.56,7.54,,39938aec0d10796ba5167d44911310be48645d4a3ae38e81e3d4213d01a37761
2025-10-08 23:32:33 CST,Desconocido,ACCESO_DENEGADO,63.73,134.26,7.45,,737d6e5a9900848401f53b2d8ea58e2426baab27cdae3cfccb8c9a7f17df6130
2025-10-09 07:53:19 CST,Desconocido,ACCESO_DENEGADO,84.35,444.6,2.25,,7aed9f01dd109dc86ca7d3bf96a4fe6163d2cd5c39c95effe883bac63d8abaf7
2025-10-09 07:53:20 CST,Desconocido,ACCESO_DENEGADO,78.05,325.79,3.07,,4606a936d55aadab23190b2c53be9c118657d7102e8aaec0bddf2058c5d50868
2025-10-09 07:53:20 CST,Desconocido,ACCESO_DENEGADO,77.42,204.07,4.9,,96ba577cd852e43de43234bc6fa72731f02ad60f9fd28e60ab44d0c0f56b9c1a
2025-10-09 07:53:20 CST,Desconocido,ACCESO_DENEGADO,76.74,202.18,4.95,,cf2bdb4a783910438b43c0ac178a313a01f7ae9d545efff9bfcd10ba8458840b
2025-10-09 07:53:21 CST,Desconocido,ACCESO_DENEGADO,75.49,195.49,5.12,,188f9b2499fb94cc8655ee5ebc371c6c468f4c63ff2b852e3b5243ec26b334e2
2025-10-09 07:53:21 CST,Desconocido,ACCESO_DENEGADO,78.41,198.54,5.04,,8729f2af4bb8c92b38125d3f9efb4005f0ec71f23dc2120153f21860f38fae63
2025-10-09 07:53:22 CST,Desconocido,ACCESO_DENEGADO,87.74,185.02,5.4,,8005d87aaed923af63fc9f5cf319de41ef1fedc7bd7b9e5cd628635f1dc25cba
2025-10-09 07:53:22 CST,Desconocido,ACCESO_DENEGADO,86.41,177.52,5.63,,b0f8f0e781ed50f95264ba67d2be70fee1772c16d1d2acee68425faaf5c890ed
2025-10-09 07:53:22 CST,Desconocido,ACCESO_DENEGADO,83.91,190.48,5.25,,058a5b9f5d0ef8cef38be0b5a6cd15b6bafdbccd67457cdce7396a2bccad684d
2025-10-09 07:53:22 CST,Desconocido,ACCESO_DENEGADO,75.39,181.18,5.52,,8be243bb4b082da8859d6c621f2255794e9432767f17099d77d47192a2ef9d3b
2025-10-09 07:53:22 CST,Desconocido,ACCESO_DENEGADO,86.07,375.8,2.66,,b8c18406d203b8d529a3b20a2a4f68dc1d8584eaf40dd68789335eab3a0459e1
2025-10-09 07:53:23 CST,Desconocido,ACCESO_DENEGADO,99.53,198.24,5.04,,0aa847e5e52883611fc8e017e3f78d54e02a12edc7057db10913ea21ae4e2ef4
2025-10-09 07:53:23 CST,Desconocido,ACCESO_DENEGADO,93.22,403.85,2.48,,873de8de5da7cde37bf8244ff7b55a324debacc21096a4bc49db24e1b349e855
2025-10-09 07:53:23 CST,Desconocido,ACCESO_DENEGADO,98.84,189.79,5.27,,d8704604c913cf6715b3fd117b3121bdba4f79c5141152053bfc3f18ba08e947
2025-10-09 07:53:23 CST,Desconocido,ACCESO_DENEGADO,98.69,191.86,5.21,,4250019308ffc953359381e8e28e594a00f72ac46a20178daa13a85c4328970e
2025-10-09 07:53:23 CST,Desconocido,ACCESO_DENEGADO,88.71,400.42,2.5,,60eb026eb90c19021a3c0972dca8c38b5f362afe8f5c196b5a93f248d2d3fbab
2025-10-09 07:53:24 CST,Desconocido,ACCESO_DENEGADO,96.16,192.64,5.19,,b5776b4f8757483b33a90db5ff68aa3a9113ca95f12939bc34c4548e3782600c
2025-10-09 07:53:24 CST,Desconocido,ACCESO_DENEGADO,95.3,188.72,5.3,,23fae5ac2cd4cd79b7d92493609a49081422cccafa6b0814fd14ca7a5180d881
2025-10-09 07:53:24 CST,Desconocido,ACCESO_DENEGADO,98.86,198.6,5.04,,d265fa7869bf5d87bae837d8aac5c70ce906d57d5557fbb950dcde7f08fb9a2e
2025-10-09 07:53:24 CST,Desconocido,ACCESO_DENEGADO,90.25,385.59,2.59,,cd2fa192caa009dbc67fef7782babe4d8aa7705ae045d997986203ef7cfb22bf
2025-10-09 07:53:25 CST,Desconocido,ACCESO_DENEGADO,92.88,199.58,5.01,,2f1e930d9f76d2311303ccbe479c88c71bd579af0cae4ce1c4226b0c70c5b565
2025-10-09 07:53:25 CST,Desconocido,ACCESO_DENEGADO,94.1,175.0,5.71,,b122ff8fa31d84caed018a36f6e47d1f0628a14d855d71ba746a38fe8f5130a3
2025-10-09 07:53:25 CST,Desconocido,ACCESO_DENEGADO,91.78,191.83,5.21,,9d9e6f2bbba363d3fa585bdb7e758bb0b143f91ff7e7e950ba92e485bd8712e8
2025-10-09 07:53:25 CST,Desconocido,ACCESO_DENEGADO,96.1,202.34,4.94,,91b337ece1b8773505ccfc17bfb1f2311b0e78396133ad1f04e325442605c4e3
2025-10-09 07:53:26 CST,Desconocido,ACCESO_DENEGADO,97.05,215.9,4.63,,5524d69e0e8ef808af266485d0830a07ee2d25c47a8292b6afa60d288de80fe3
2025-10-09 07:53:26 CST,Desconocido,ACCESO_DENEGADO,115.81,193.42,5.17,,b31fee1037ef8607c8e3687ab20d8b2361a8b0d2191dcbb15d3aa5a5464925e0
2025-10-09 07:53:26 CST,Desconocido,ACCESO_DENEGADO,98.12,187.07,5.35,,21785ad7b54ca76ac91b150fe84b82d7917a08ccc428b5f307fd3a949e0cf0cc
2025-10-09 07:53:26 CST,Desconocido,ACCESO_DENEGADO,108.88,403.54,2.48,,9bb30c28202c8a0b3754eff092aaa10dc8e30931eac409673911db1a56f0c786
2025-10-09 07:53:27 CST,Desconocido,ACCESO_DENEGADO,86.31,178.5,5.6,,7e785f1e1d3d1e7e005a66dab31f4bd6344a1ee2b09e049f2b77d03506c1e79d
2025-10-09 07:53:27 CST,Desconocido,ACCESO_DENEGADO,101.12,372.24,2.69,,08bce8212d0c1ece0ff6cfac8b48ef0436036ea5df52d056772627e263d83e5b
2025-10-09 07:53:27 CST,Desconocido,ACCESO_DENEGADO,86.73,194.26,5.15,,1b1eb8eb6d3b8bf367c8f442d88ab231094e5e22947c9e9f0195d271bbe235f5
2025-10-09 07:53:28 CST,Desconocido,ACCESO_DENEGADO,106.39,182.46,5.48,,1ee1a719d5beef3e57be688a846d82ea1d1e059253fc76b366be4b3b89c35136
2025-10-09 07:53:28 CST,Desconocido,ACCESO_DENEGADO,84.62,402.99,2.48,,cdc5dc3ab3d94eb393d68cd71958d7bf8b59b863d7ec1eddfd596a95c0284a7e
2025-10-09 07:53:28 CST,Desconocido,ACCESO_DENEGADO,98.84,214.48,4.66,,0206f5f318b0e1ce18aa32b9550692dfb7c73e40d1676f75175ec4c217416cbd
2025-10-09 07:53:28 CST,Desconocido,ACCESO_DENEGADO,77.41,403.57,2.48,,28382b3b44772be3d302c719ca7f65c6d9316f6f6613568134b3d99326337fce
2025-10-09 07:53:28 CST,Desconocido,ACCESO_DENEGADO,79.34,186.24,5.37,,1d391d5dfe8f41f6e7cbc671a6935f14d6ecf5823523d1e41fabaa1dc2de1116
2025-10-09 07:53:29 CST,Desconocido,ACCESO_DENEGADO,97.04,381.09,2.62,,573c1dfe9f5f31c4f90b4cb70b00b7353790b069c4a6ed0f83479ec03f22df86
2025-10-09 07:53:29 CST,Desconocido,ACCESO_DENEGADO,87.85,196.56,5.09,,6f9d683ae52ef8f31c58ece66c2c5a15db4abfa4d4b0d17de0e90aa6caed5716
2025-10-09 07:53:29 CST,Desconocido,ACCESO_DENEGADO,92.83,200.54,4.99,,9c1565aa2d257b93c7f687e38fad4f668da5b4fe8a0c64608f18f5947be4d20f
2025-10-09 07:53:30 CST,Desconocido,ACCESO_DENEGADO,75.7,204.6,4.89,,1864a2f831aca22651b819df547967be708db9e82d72395554fafb0c42d97e1c
2025-10-09 07:53:30 CST,Desconocido,ACCESO_DENEGADO,74.76,190.66,5.25,,5411691a19efdc3be8eae11c348fddb8b574c9f4866bbc17b29315712ebe60b7
2025-10-09 07:53:30 CST,Desconocido,ACCESO_DENEGADO,72.93,198.42,5.04,,d8f7b42825985c4527a7f290b8fe6a24efffa52ae877dee8425e2c47db699ab7
2025-10-09 07:53:30 CST,Desconocido,ACCESO_DENEGADO,73.59,189.14,5.29,,9d57c79f5de052e29283cf101e3b7bf150540be4c8c4fcb8e40e6de4e7dbfaf7
2025-10-09 07:53:30 CST,Desconocido,ACCESO_DENEGADO,73.27,188.77,5.3,,5591b2f3a24359901aba71474b1f4d58fcc2d530a9625abaedba577c8566b07c
2025-10-09 07:53:31 CST,Desconocido,ACCESO_DENEGADO,74.54,180.86,5.53,,9b580186a1d62bd39321703784bc918b7e4ae646c3d97177470fa39e73a4010e
2025-10-09 07:53:32 CST,Desconocido,ACCESO_DENEGADO,85.3,201.13,4.97,,fbfc429f2197486a4e5396c44a6de296ab9c39812271959c22219cfe80540848
2025-10-09 07:53:32 CST,Desconocido,ACCESO_DENEGADO,71.64,188.35,5.31,,f94eab312ad75b8d1cf11b2a53af1ca2d36129420c55a340baf5d6a88920125f
2025-10-09 07:53:32 CST,Desconocido,ACCESO_DENEGADO,72.78,199.69,5.01,,ddc73476ad40e0a7774b458682fd47b9c9619972fd8a680b508a264f86708382
2025-10-09 07:53:32 CST,Desconocido,ACCESO_DENEGADO,73.16,202.6,4.94,,e4f5ac5af13b85ebdc29b3f5c3558243215dc271e3ac2dd07186b7b135b01047
2025-10-09 07:53:33 CST,Desconocido,ACCESO_DENEGADO,71.59,192.25,5.2,,41b67d3f53904145f63653760a90a0e9f497da8381055f3416c8f4d89fe3e660
2025-10-09 07:53:33 CST,Desconocido,ACCESO_DENEGADO,69.94,207.55,4.82,,1902f62cac77cff56c9510f307e77af94985a9f1d2cd4739b21b3f70d2d8bf8e
2025-10-09 07:53:33 CST,Desconocido,ACCESO_DENEGADO,75.39,198.97,5.03,,97f7ec3601f9351cf6df72ca490c866a90a0b2eb368bbdb6df89d62a9cc91bc4
2025-10-09 07:53:33 CST,Desconocido,ACCESO_DENEGADO,74.49,191.79,5.21,,758d6c3cd78718a7ec70716faa879eab6bb4bb177f533d47120f79bf8a814c05
2025-10-09 07:53:33 CST,Desconocido,ACCESO_DENEGADO,77.23,200.67,4.98,,5601da2ecf3c8f02662ee5797d4f29f8f95822e74aded13426421828d48376e8
2025-10-09 07:53:34 CST,Desconocido,ACCESO_DENEGADO,79.15,201.89,4.95,,790c0e188797589d57aa6d49c8b10f256023ecdf4383dab5a2c5305da0259081
2025-10-09 07:53:34 CST,Desconocido,ACCESO_DENEGADO,78.62,192.23,5.2,,bb2044ae936c7597a44c463505b2965f49f7715a58125a570f33400f414531d6
2025-10-09 07:53:34 CST,Desconocido,ACCESO_DENEGADO,78.35,204.39,4.89,,4ca2ad0098642920f50f760ab4e76865f50a6b2601bd2e3df2e43495badfe574
2025-10-09 07:53:34 CST,Desconocido,ACCESO_DENEGADO,82.01,219.65,4.55,,5ad42c2436310cdb22ade85d0c2ab416da097595658ee12b122ce2647bb6f2f4
2025-10-09 07:53:35 CST,Desconocido,ACCESO_DENEGADO,79.56,181.56,5.51,,c06129274929953489bdfe8875e935604b0dac53af701c264db935ee413441b3
2025-10-09 07:53:35 CST,Desconocido,ACCESO_DENEGADO,81.39,182.13,5.49,,41c9ebf82dff4f409e8e82cc3844287b230d2c94139c0e848b3cdbd304d9255e
2025-10-09 07:53:35 CST,Desconocido,ACCESO_DENEGADO,92.37,377.44,2.65,,ad3fe0583dbbd66bbf73243d38a6bb3a8ec5f41b7e65e636003f96a39410090e
2025-10-09 07:53:35 CST,Desconocido,ACCESO_DENEGADO,107.12,565.37,1.77,,094ea1b16691b8978a2c147beb66ae861e9362665999a4a96a0eeeba432ebca5
2025-10-09 07:53:35 CST,Desconocido,ACCESO_DENEGADO,77.38,194.31,5.15,,cb64e522aec6a336414a05af362acc0ecc93c19640891dbd4e7665f369831b9d
2025-10-09 07:53:36 CST,Desconocido,ACCESO_DENEGADO,77.96,183.68,5.44,,5c71622c62cfca15bb2ea5d15efebe00277df409e31cebf3eae9b864ef6cec21
2025-10-09 07:53:36 CST,Desconocido,ACCESO_DENEGADO,78.81,185.68,5.39,,5006cc1c4db52fc1f02b457b10adeae42ac8b00059d97bb42e7f6003582ccf22
2025-10-09 07:53:36 CST,Desconocido,ACCESO_DENEGADO,74.98,195.59,5.11,,c827d263c39700a35851f1d278ac2ad18add8daca764248318b5db625372a879
2025-10-09 07:53:36 CST,Desconocido,ACCESO_DENEGADO,82.98,178.96,5.59,,7c996fd9b9d335ab2cebc8321daf2b92b0d2d0bc4b51e55ab7924dec469d5a24
2025-10-09 07:53:38 CST,Desconocido,ACCESO_DENEGADO,130.69,183.86,5.44,,867e393192b005fbe6bce15d3e97be90ae1a5e5da5b7b620f17008230de47862
2025-10-09 07:53:38 CST,Desconocido,ACCESO_DENEGADO,131.51,185.52,5.39,,1994e2e405f916a55fc12c50088ccb778d3a30a04b5c4f1c0141674476309348
2025-10-09 07:53:38 CST,Desconocido,ACCESO_DENEGADO,98.43,189.66,5.27,,02e1da9f8cae42c2cef7c636bbe8edf47753d0d0c42baa8db6be86aa84170fcb
2025-10-09 07:53:38 CST,Desconocido,ACCESO_DENEGADO,97.47,183.74,5.44,,eca0fa8d2fb605e6f4e8de1ad510c3a1abc71c2ba07fb122a297872d768e7513
2025-10-09 07:53:39 CST,Desconocido,ACCESO_DENEGADO,98.11,183.68,5.44,,9c4ba8f0b8f1b54245e1452b12c896184a0ad4169e73dd8a93769c2f057a394c
2025-10-09 07:53:39 CST,Desconocido,ACCESO_DENEGADO,96.64,187.89,5.32,,201240221e87792a560435b814044e3bfcb82b088b9e6abe07554183b1d33db3
2025-10-09 07:53:39 CST,Desconocido,ACCESO_DENEGADO,84.52,187.16,5.34,,2e71a6f5588600e5a5e53aaf9f54d7898e0566f561e13707444070afc0521b07
2025-10-09 07:53:39 CST,Desconocido,ACCESO_DENEGADO,93.69,174.75,5.72,,005f55b1fdbbc4f790f5e72b30230e84e823864248a52c9c36376c35704c5fbd
2025-10-09 07:53:40 CST,Desconocido,ACCESO_DENEGADO,94.7,227.69,4.39,,4268c8e02204606494298a95d4e6aa29b30a4deb9a2ec9aa8ed612db40e9d71f
2025-10-09 07:53:40 CST,Desconocido,ACCESO_DENEGADO,80.84,191.36,5.23,,8a8e8fb5fb6160199f848c07457db302e2f9e26f0de819c9c4fc3225cc74c109
2025-10-09 07:53:40 CST,Desconocido,ACCESO_DENEGADO,123.13,373.64,2.68,,7c9f81ae3362248645341bddfc84408866cd1e8dc036940b45a2874a61352dcc
2025-10-09 07:53:40 CST,Desconocido,ACCESO_DENEGADO,89.82,191.99,5.21,,425068c22b5ad37e53f25ac7637a466972cb9b955b54cbb51f3d3e01548d7c8a
2025-10-09 07:53:40 CST,Desconocido,ACCESO_DENEGADO,85.67,196.67,5.08,,8b732e5573343c79872d247a3bdd7960c2023c2cb529e79684d5796a2e9f16c9
2025-10-09 07:53:41 CST,Desconocido,ACCESO_DENEGADO,87.27,194.9,5.13,,a5eacdc1570a93d52761d38ab5215eb7fc3d24419828fafa7b41e31ad930dc3d
2025-10-09 07:53:41 CST,Desconocido,ACCESO_DENEGADO,83.45,193.8,5.16,,4eba3dc79b6d33a546484eaabdbcb5da9b6f59d55172dab2f5c5d5758d9975f6
2025-10-09 07:53:41 CST,Desconocido,ACCESO_DENEGADO,84.69,186.55,5.36,,a6a5ddd09ab65df89b25d4b47b3d1ef56a09d91f1a37afdc79ca30b373e9e2ca
2025-10-09 07:53:41 CST,Desconocido,ACCESO_DENEGADO,85.26,193.39,5.17,,558b28565fce03280b5bcdae4ffb53b8c6ea4d75023ec144e3f180e68366c4ab
2025-10-09 07:53:42 CST,Desconocido,ACCESO_DENEGADO,87.4,214.25,4.67,,4697fba2582f915e755b297df91dcc71e4dccdfb61b4a49ea6f7235f9ec28f56
2025-10-09 07:53:42 CST,Desconocido,ACCESO_DENEGADO,83.27,183.71,5.44,,1e9a4fea255398b2fc7e608c4792810e1df63d325253edcf91af43ec2d847192
2025-10-09 07:53:42 CST,Desconocido,ACCESO_DENEGADO,72.54,192.94,5.18,,b3ddbf3e60dacf401d73924b435b7b75b40f9428dbe0b917af3f309f028659e1
2025-10-09 07:53:42 CST,Desconocido,ACCESO_DENEGADO,75.16,187.34,5.34,,e273cc5b2c865821f388c26a03c8b8b46f7abfdd886508da946f9d4c40752d26
2025-10-09 07:53:43 CST,Desconocido,ACCESO_DENEGADO,75.96,196.69,5.08,,59413e8318eb39d25eb39cdc762c147b25f2347b2e1cd02624cad1df3a0e69ea
2025-10-09 07:53:43 CST,Desconocido,ACCESO_DENEGADO,85.0,179.27,5.58,,88545700d0c49c38bdd9813e29da4e2f10a4e5f83e8c40746b5983f748dc11a2
2025-10-09 07:53:43 CST,Desconocido,ACCESO_DENEGADO,87.36,197.06,5.07,,4fbc882737b7d988d6799f87f33fff4b4fc09a8a5984c9902a991257ee2ae493
2025-10-09 07:53:43 CST,Desconocido,ACCESO_DENEGADO,85.43,196.24,5.1,,1a0478883e0a4d9331f4d2f51e408aa74b6704caa209ccac60931e58fb37e76b
2025-10-09 07:53:44 CST,Desconocido,ACCESO_DENEGADO,80.94,178.8,5.59,,88328dfe7b1cac184b771a58687acf490fd5113f27591e4d809624264ca784ce
2025-10-09 07:53:44 CST,Desconocido,ACCESO_DENEGADO,82.63,193.06,5.18,,4a985a516c61b85909dccd4324ece603d71d32cd88f31eb49720c0e8e287992b
2025-10-09 07:53:44 CST,Desconocido,ACCESO_DENEGADO,80.73,184.65,5.42,,3959d6604700181249999d259e1fb04138e754422f06ce89de6ff9d49851938a
2025-10-09 07:53:44 CST,Desconocido,ACCESO_DENEGADO,79.12,182.33,5.48,,1e067019d61d4eaa0134f013ab3e611042334dc20333979508ade9d3a56fa131
2025-10-09 07:53:44 CST,Desconocido,ACCESO_DENEGADO,73.43,179.96,5.56,,e4292e13551a2aa3fa750bc115a94dc8b9883d4789e5faea01c58a3fe4466f09
2025-10-09 07:53:45 CST,Desconocido,ACCESO_DENEGADO,76.61,186.82,5.35,,8f46e10a7832441bb3c06d60c17ba31ef3960e715727b5059e9abfe49f3a7fef
2025-10-09 07:53:45 CST,Desconocido,ACCESO_DENEGADO,74.52,183.49,5.45,,06fc35ca888bab0326696a7f587bec3f7fea5402764166bd9b390ec1750fc7fe
2025-10-09 07:53:45 CST,Desconocido,ACCESO_DENEGADO,75.92,181.42,5.51,,3fe8deb5d80d3373139d862a8e63a5c1c667ed239cdcd2cd1be6caa5ca212d38
2025-10-09 07:53:45 CST,Desconocido,ACCESO_DENEGADO,76.86,181.0,5.52,,73ee195183273257ac89042b2c8c837343f7cf080cab93f9ee241ae78527fb0f
2025-10-09 07:53:46 CST,Desconocido,ACCESO_DENEGADO,73.79,188.49,5.31,,933c067227f1e59c5062fe2f0abc0a87357605996996d11daf86cb29d066a565
2025-10-09 07:53:46 CST,Desconocido,ACCESO_DENEGADO,78.66,191.94,5.21,,48803df9ddd507dde16a249e7a1216701e72cd9bd5aea9561207be7d0e9a837c
2025-10-09 07:53:46 CST,Desconocido,ACCESO_DENEGADO,77.71,181.88,5.5,,406b51c1e424212bebb432b5661804b003d3d504381bed0ac34d513646f47940
2025-10-09 07:53:46 CST,Desconocido,ACCESO_DENEGADO,78.76,181.53,5.51,,4de97c949a9d9d459fb9995f5cbf506a877f13a02cfe3bb009755a530e13822c
2025-10-09 07:53:46 CST,Desconocido,ACCESO_DENEGADO,82.28,184.8,5.41,,02d4cebdb5c857907641ef0a6c0c411f11b4218439c69d52d0cc6cd37995b880
2025-10-09 07:53:47 CST,Desconocido,ACCESO_DENEGADO,85.4,185.68,5.39,,560e18106ad4417d1c2fd8188664124f38762a934175eb3269ad855ac27a9382
2025-10-09 07:53:47 CST,Desconocido,ACCESO_DENEGADO,84.07,187.39,5.34,,09daf327c831d2570f4305311a47e5afb1b5b9698502e337b5ededad3dfc5f78
2025-10-09 07:53:47 CST,Desconocido,ACCESO_DENEGADO,87.54,173.49,5.76,,324dcc2c8669993a4869f2eb8ad6bb57680e7fbb7d1a6737584f6d903a7f5208
2025-10-09 07:53:47 CST,Desconocido,ACCESO_DENEGADO,93.97,178.25,5.61,,be0e06b13943157685bbefff37521f8562ffc4b92813ac5e62bfdf5a4285859c
2025-10-09 07:53:48 CST,Desconocido,ACCESO_DENEGADO,84.16,180.13,5.55,,3bf65ae94fa79bf90b05899d170e813e9d09ccfbd6de643e0b78195f18fd77b3
2025-10-09 07:53:48 CST,Desconocido,ACCESO_DENEGADO,86.27,182.37,5.48,,f776bebc4f0245b8240801c5632626f94a48165c645b70d9fdd422130da288c9
2025-10-09 07:53:48 CST,Desconocido,ACCESO_DENEGADO,84.67,181.69,5.5,,bc04084b26ad4e0ac930050d43f2d3f6348bf884eb809dc7a7ea420bd9698626
2025-10-09 07:53:48 CST,Desconocido,ACCESO_DENEGADO,83.43,181.1,5.52,,f699de2d5f21c6aa69b9514d20151e86833ee90079b6edf84ebf827dfc37fb94
2025-10-09 07:53:48 CST,Desconocido,ACCESO_DENEGADO,76.64,181.4,5.51,,63f0050ec5b5dd9c0d3c0b505c848f6d07818b8bad608c0e25c4797e3d514fce
2025-10-09 07:53:49 CST,Desconocido,ACCESO_DENEGADO,72.17,200.97,4.98,,2f8ae6cb409027cdb3252728e9a690838a4d8869cf456e9aec023217459c1980
2025-10-09 07:53:49 CST,Desconocido,ACCESO_DENEGADO,69.31,185.87,5.38,,1352247ecd9341738fb4397a950b040c4039d6c6c0fea906b7aada49ce3f7829
2025-10-09 07:53:49 CST,Desconocido,ACCESO_DENEGADO,69.3,183.17,5.46,,e4328cf89890f50dc780eaa4ecba557f69c992f7384e9658141c5aacb7d1db21
2025-10-09 07:53:49 CST,Desconocido,ACCESO_DENEGADO,132.2,190.28,5.26,,933cad8561351cc1abf7c4cf93736ce7328422ff09ae141a2f7f416e8de60cd2
2025-10-09 07:53:50 CST,Desconocido,ACCESO_DENEGADO,68.13,378.81,2.64,,36b158d477923539c55fa53f0aaf02faf0c31718355686fc4e3e48d143d93a49
2025-10-09 07:53:50 CST,Desconocido,ACCESO_DENEGADO,64.83,190.5,5.25,,69bc84a7fa6676fcc73827cddc18e356cadd7126c64bc9ad04067499ac99d5f9
2025-10-09 07:53:50 CST,Desconocido,ACCESO_DENEGADO,73.67,196.68,5.08,,7a6ece11bba53e5afce69dbf37637979cb9881c0087da8efab34c59da479fee8
2025-10-09 07:53:50 CST,Desconocido,ACCESO_DENEGADO,105.97,184.19,5.43,,e87e06d4e8d7c9515b842fde93d4307477e0148a33f8527b0caf75fd4fe0c82a
2025-10-09 07:53:51 CST,Desconocido,ACCESO_DENEGADO,74.62,198.98,5.03,,538274e3df9e56993bffb8826551541db6184bfadbfcaf578a686f9a078d11f3
2025-10-09 07:53:52 CST,Desconocido,ACCESO_DENEGADO,76.43,181.65,5.51,,2f8b47d0f5c01a8288eee134023f16a8ca44a23a2613df5c2f9c7e35d60ebfa2
2025-10-09 07:53:52 CST,Desconocido,ACCESO_DENEGADO,73.68,185.6,5.39,,4bb223e31515f0f05552b28fc9f5d86747bb1c06ac427f3bca182e9fda133570
2025-10-09 07:53:52 CST,Desconocido,ACCESO_DENEGADO,68.21,187.37,5.34,,3001c094bc31f9552f586e66155d12dbb4e2f2cea390ce8b0ea55b1b949c61f2
2025-10-09 07:53:52 CST,Desconocido,ACCESO_DENEGADO,76.67,384.85,2.6,,457c7a535b6240704482259223e42fa9cb69a3ddadb0a199a20559ec21c3ec1c
2025-10-09 07:53:52 CST,Desconocido,ACCESO_DENEGADO,69.98,180.65,5.54,,69b77e185112b3d63c7993a95987d0a880edaf803c79b5262d4a32539d2a761e
2025-10-09 07:53:53 CST,Desconocido,ACCESO_DENEGADO,78.97,370.31,2.7,,0129714da5c7bdc6eb8deedb558baee5b10b0ed199fb939aa2aecdc4c3be04bc
2025-10-09 07:53:53 CST,Desconocido,ACCESO_DENEGADO,78.43,191.12,5.23,,3f37527b24067be15d480eea27c420b4deba308d17a462c79f92e1286ab52e38
2025-10-09 07:53:53 CST,Desconocido,ACCESO_DENEGADO,80.27,410.54,2.44,,ce9f446898b8e917c3ce95a0349ef5304b5e5cf682a8ae9677ae007f25f3f474
2025-10-09 07:53:53 CST,Desconocido,ACCESO_DENEGADO,75.42,189.43,5.28,,1603f9406ac1dfdca0c8c07e447e4f73c0370f6c6674e6e2177025234b980f0e
2025-10-09 07:53:54 CST,Desconocido,ACCESO_DENEGADO,69.46,186.53,5.36,,69ec2251d334a81e970f21a88c2a093684ec15c45a93b5897c48f040290e1264
2025-10-09 07:53:54 CST,Desconocido,ACCESO_DENEGADO,67.68,191.66,5.22,,75987c1d01fbe59e28c18e03c192053109b678b1e8dc80bedb6630f678003799
2025-10-09 07:53:54 CST,Desconocido,ACCESO_DENEGADO,75.06,182.8,5.47,,44c4854dd70615fe8b89c8d29efa066c13e53e2d70a114f0988fcd05fb3130fa
2025-10-09 07:53:55 CST,Desconocido,ACCESO_DENEGADO,79.24,188.13,5.32,,2fe1a9ca68222847fd4dc96821ebc477f77578160d896fd644309124e314eb53
2025-10-09 07:53:55 CST,Desconocido,ACCESO_DENEGADO,74.49,198.23,5.04,,ccb6731c6e77cfb3d548f3d794cab1b777971e307bdf3ecb3bf518bc99129460
2025-10-09 07:53:55 CST,Desconocido,ACCESO_DENEGADO,70.74,198.26,5.04,,2f785689605217881c297f50fc6ab2b0f9d9365b6073813ac4d1ab7065f2cf45
2025-10-09 07:53:56 CST,Desconocido,ACCESO_DENEGADO,68.07,193.44,5.17,,83e80b5ba262bcaa3496a5fb965150efde0a26312b594c41369abc358d240eb1
2025-10-09 07:53:56 CST,Desconocido,ACCESO_DENEGADO,71.44,202.35,4.94,,7da02ff0e77dee905c3126c3a0a076e256f6d061697cfe1b43e828c32550c26a
2025-10-09 07:53:56 CST,Desconocido,ACCESO_DENEGADO,71.54,193.21,5.18,,de0f25798cbdbc98c9444f37c0cd81e73add2284e20d3e0dab31adb6c7edb4ab
2025-10-09 07:53:56 CST,Desconocido,ACCESO_DENEGADO,73.14,197.13,5.07,,5e09e56f6e6285481b5d78abc0e89679b3adf38c33c45d771f5479aae697682f
2025-10-09 07:53:57 CST,Desconocido,ACCESO_DENEGADO,73.43,205.11,4.88,,ba3b6271f727e1664ce3549cb1936580240eb9c3198a6d845b1a8cec914e8e89
2025-10-09 07:53:57 CST,Desconocido,ACCESO_DENEGADO,74.62,193.47,5.17,,28a42cbdb58cded58a4655c7ba46f758a6ec43038735878267b23ea91f2c54fa
2025-10-09 07:53:57 CST,Desconocido,ACCESO_DENEGADO,71.56,192.02,5.21,,12db4f4fbaa5bc30a49ecbaa97eb367cf4fd4c367a66b30f3235f97d22db90ef
2025-10-09 07:53:57 CST,Desconocido,ACCESO_DENEGADO,75.94,196.46,5.09,,55b5e7ee3ed5fbe17eda9cf2cdebcba1ecf06ae949ddb286dcfbaa5d7c17944e
2025-10-09 07:53:58 CST,Desconocido,ACCESO_DENEGADO,73.61,209.45,4.77,,01e8618383612614deb1224a8278a479ec811ecc4ad3087527c4293663238cd6
2025-10-09 07:53:58 CST,Desconocido,ACCESO_DENEGADO,70.02,194.56,5.14,,57b938bb1996e929b8c320bb787044af3712de232036d32047be5cfc6aac3b85
2025-10-09 07:53:58 CST,Desconocido,ACCESO_DENEGADO,66.93,202.42,4.94,,2d9d912ce6023e5a7675faf94abc48146deab27130d6a2cdff028d8e50ffe558
2025-10-09 07:53:58 CST,Desconocido,ACCESO_DENEGADO,65.51,194.11,5.15,,84a86060b11d4af8ea19d9b0188271a1a314411880b81ff47e13ae1004ee5f5e
2025-10-09 07:53:58 CST,Desconocido,ACCESO_DENEGADO,68.79,193.79,5.16,,e56eca8f584c81f142a0d025df067d9ec05dccb88a39355d2d389e78e481654d
2025-10-09 07:53:59 CST,Desconocido,ACCESO_DENEGADO,69.56,197.96,5.05,,e0e1cdd739bd7aea0c1294517bd020688970e8d98775cd1237641c09c08c339a
2025-10-09 07:53:59 CST,Desconocido,ACCESO_DENEGADO,69.14,189.92,5.27,,980c4ea386b329039ec6405e3fec02f610609d279462e3affef76ce21b3b3848
2025-10-09 07:53:59 CST,Desconocido,ACCESO_DENEGADO,69.52,194.57,5.14,,0d570c3db11b7a7ca2e713b4b360999dccd8982ba74aae0902908377a76529ea
2025-10-09 07:53:59 CST,Desconocido,ACCESO_DENEGADO,66.26,192.57,5.19,,cbb1d8379a7735688b78088c8e534bf9574459e70ca8c2eb51ba6ee0d89e5204
2025-10-09 07:54:00 CST,Desconocido,ACCESO_DENEGADO,68.81,193.8,5.16,,218ad26d07bccfc2138ae09fa5701fc80da6c596e51aa63592bea2125c798d7e
2025-10-09 07:54:00 CST,Desconocido,ACCESO_DENEGADO,67.35,207.21,4.83,,baf7114c4142ce71b621304ad9938b1c9f58f80cafeda483128e2ddc90236599
2025-10-09 07:54:00 CST,Desconocido,ACCESO_DENEGADO,66.19,204.12,4.9,,a946bedd56fbbb5a148a484114a1a57208c48c3531c44902f0fff0acbd79bc19
2025-10-09 07:54:00 CST,Desconocido,ACCESO_DENEGADO,67.19,189.54,5.28,,d8cea7583aa6f01e49fab7b72f37bcfe4fb32ffdc8d45175be2f98ea34bf1960
2025-10-09 07:54:01 CST,Desconocido,ACCESO_DENEGADO,65.58,186.26,5.37,,f777839081ad2f82b1e0ac2ae819cf935ead53e8118978d157cbf28a2a1ab2c3
2025-10-09 07:54:01 CST,Desconocido,ACCESO_DENEGADO,67.76,190.63,5.25,,96e38502f835c458a0bd02e739ef6aa97797e641bb4053f049a7f2b44d5e3bb2
2025-10-09 07:54:01 CST,Desconocido,ACCESO_DENEGADO,75.11,203.03,4.93,,89a60dfad58ec4e4f05181568e436e674a9b4eda347caf30968f12b064f6b568
2025-10-09 07:54:01 CST,Desconocido,ACCESO_DENEGADO,69.9,396.9,2.52,,f0c7b8c02c7395ee3275887a21380f000d172ef7f667551e59b793e74801492d
2025-10-09 07:54:01 CST,Desconocido,ACCESO_DENEGADO,68.58,199.46,5.01,,0f3fd60b83cd7fbe42a85fd21a56a67fbd48619c686ceb0933bddba73cc40ce0
2025-10-09 07:54:02 CST,Desconocido,ACCESO_DENEGADO,76.99,401.78,2.49,,f1fbfe9a61af549c929bd1e9e0a6b3508df40ff69cab7df98b6d65ea3df85ae7
2025-10-09 07:54:02 CST,Desconocido,ACCESO_DENEGADO,73.64,203.56,4.91,,2e9e7e75ad7adcd6e20fe2e858e430fde52e40a7ede05d39bef6067762e954e1
2025-10-09 07:54:02 CST,Desconocido,ACCESO_DENEGADO,76.03,210.28,4.76,,dafc2d5b4719947adacfa1c30e5870b0046b8d951b069e3903eb37e64df2bc7c
2025-10-09 07:54:02 CST,Desconocido,ACCESO_DENEGADO,76.11,210.1,4.76,,de64b97bc35308c87d16f27d55b46bea0a67ac50770e17d9d49cff7ce391c002
2025-10-09 07:54:03 CST,Desconocido,ACCESO_DENEGADO,77.07,203.08,4.92,,ca0c2bb8c00569628801dc494a7b7dbd410eb0bb9583a0a947cb6767a2a57dd3
2025-10-09 07:54:03 CST,Desconocido,ACCESO_DENEGADO,75.9,195.64,5.11,,9bff5245e2a92d587ee55f96e4a6654926689ef3fce421666f30426a8274d830
2025-10-09 07:54:03 CST,Desconocido,ACCESO_DENEGADO,75.44,207.7,4.81,,03290f0dd48873bee51aa7fe0e3a762efa71b42f33ffb81ea44104d245bb47d2
2025-10-09 07:54:03 CST,Desconocido,ACCESO_DENEGADO,76.61,196.64,5.09,,fb29b1cf2879505324ff1b92a41f1044a7bcde44020315dbcc350b1daa686352
2025-10-09 07:54:04 CST,Desconocido,ACCESO_DENEGADO,76.58,199.44,5.01,,eb0d4efa0bc4b55dc254bf528081c38039af50142731b620929f530558f74d50
2025-10-09 07:54:04 CST,Desconocido,ACCESO_DENEGADO,77.12,193.07,5.18,,2e5fc424f9d1538f152162e11541c4752fe412fc917a9ed02f1472050846b002
2025-10-09 07:54:04 CST,Desconocido,ACCESO_DENEGADO,75.54,196.1,5.1,,d9ce6a31fa7071d44117a93483619fca954ea424da6f9f741269059c00657d65
2025-10-09 07:54:05 CST,Desconocido,ACCESO_DENEGADO,66.22,196.98,5.08,,606a318cd3d20b6ebef7844b627bb7a28eccd46020f6db067dc51a8501561429
2025-10-09 07:54:07 CST,Desconocido,ACCESO_DENEGADO,96.62,186.3,5.37,,99ae50833d572fa16cd1c1070c18e7ca5f179816fdf3241bb5c6eb21393229e9
2025-10-09 07:54:07 CST,Desconocido,ACCESO_DENEGADO,97.88,175.31,5.7,,ae6cae13f00e23656c8b7c051cab7831d0f034e28084c1879fba80b66a5b7b5d
2025-10-09 07:54:07 CST,Desconocido,ACCESO_DENEGADO,95.35,189.33,5.28,,83c2d913f93c695694cc860488756d4cb4f8d9efe0bb17be35714253e8881564
2025-10-09 07:54:07 CST,Desconocido,ACCESO_DENEGADO,94.06,170.44,5.87,,0fbde2b49ad8859477d8bb59087ff302c1d29f3df19de9650398789d41b8062f
2025-10-09 07:54:08 CST,Desconocido,ACCESO_DENEGADO,90.48,186.24,5.37,,49dac285a97da61b6cbc7e2fe4719085f6dc64544804b4c4609eca6d388bf1d7
2025-10-09 07:54:11 CST,Desconocido,ACCESO_DENEGADO,95.85,189.25,5.28,,a19003986d55b8cf77eedf249c86759a2aab4c3356268ae8b4a389ff5e9f9cdd
2025-10-09 07:54:11 CST,Desconocido,ACCESO_DENEGADO,88.93,193.58,5.17,,bfd001c51126fa0b06dfbfd25b833b462809c2d2da4f7ff0c8cbf92e0eeb9f2c
2025-10-09 07:54:11 CST,Desconocido,ACCESO_DENEGADO,91.57,203.56,4.91,,523d8b1a96433cfad5ae76d5e30a275137359331ef5aef01e4b080979301edbe
2025-10-09 07:54:11 CST,Desconocido,ACCESO_DENEGADO,91.56,196.53,5.09,,684ac5641a521c22a85590e27793f4ede31c32b511f41d68a135280c24f63164
2025-10-09 07:54:12 CST,Desconocido,ACCESO_DENEGADO,94.95,207.46,4.82,,125b88c7b0fdf3440388dfbdf432f22f0c30d7921e4b6d5b94b947fc94a4a2a7
2025-10-09 07:54:12 CST,Desconocido,ACCESO_DENEGADO,95.7,203.02,4.93,,e3a0c25d583e39760b40540310b79665ce7d45c7691c6d84c7a69ca132ee213a
2025-10-09 07:54:12 CST,Desconocido,ACCESO_DENEGADO,89.52,202.69,4.93,,3d01d9a77a8ef162390247da6ebbf1128e7c1a97c3bf2f2660fe7ca7109ee853
2025-10-09 07:54:12 CST,Desconocido,ACCESO_DENEGADO,92.39,186.73,5.36,,5e3d776f7c1f08f4c145c6396a3d5f4f59ff20e5421da66e7ced69150b53be0c
2025-10-09 07:54:12 CST,Desconocido,ACCESO_DENEGADO,99.27,196.65,5.09,,9a146d6b003e14a84e17736a2664df57359899f7315e9153d13e3ae34f893421
2025-10-09 07:54:14 CST,Desconocido,ACCESO_DENEGADO,87.1,185.07,5.4,,49b509b5701e000358d953ef073a6691fbee155895a03964969eb20d71f3cde5
2025-10-09 07:54:14 CST,Desconocido,ACCESO_DENEGADO,101.08,195.9,5.1,,5e2a4da9c30fea7ce1bee8276afda03ba37942f5d7d553a8336523fa1c1ee699
2025-10-09 07:54:18 CST,Desconocido,ACCESO_DENEGADO,82.61,187.62,5.33,,9eb1ea0b36b48bf5bbc54b43f9e2334744ed3181908d4ff8023d3100b19a11c1
2025-10-09 07:54:18 CST,Desconocido,ACCESO_DENEGADO,80.68,199.15,5.02,,61d74a001681499074fce398752b64af1527e327f457420faba01416c216bcad
